Game Start Time,2024-04-16 22:44:01
Game Start Time,2024-05-01 13:13:47
Game Start Time,2024-05-01 13:26:06
Game Start Time,2024-05-01 13:28:19
Game Start Time,2024-05-01 13:30:33
Game Start Time,2024-05-01 13:32:16
Game Start Time,2024-05-01 13:32:56
Game Start Time,2024-05-01 13:33:11
Game Start Time,2024-05-01 13:33:32
Game Start Time,2024-05-01 13:34:16
Game Start Time,2024-05-01 13:34:35
Game Start Time,2024-05-01 13:34:48
Game Start Time,2024-05-01 13:35:22
Game Start Time,2024-05-01 13:35:49
Game Start Time,2024-05-01 13:36:16
Game Start Time,2024-05-01 13:36:27
Game Start Time,2024-05-01 13:36:34
Game Start Time,2024-05-01 13:37:03
Game Start Time,2024-05-01 13:37:12
Game Start Time,2024-05-01 13:38:35
Game Start Time,2024-05-01 13:39:00
Game Start Time,2024-05-01 13:41:21
Game Start Time,2024-05-01 13:44:03
Game Start Time,2024-05-01 13:44:25
Game Start Time,2024-05-01 13:45:04
Game Start Time,2024-05-01 13:45:45
Game Start Time,2024-05-01 13:46:31
Game Start Time,2024-05-01 13:47:04
Game Start Time,2024-05-01 13:47:18
Game Start Time,2024-05-01 13:49:40
Game Start Time,2024-05-01 13:50:15
Game Start Time,2024-05-01 13:51:13
Game Start Time,2024-05-01 13:51:39
Game Start Time,2024-05-01 13:51:51
Game Start Time,2024-05-01 13:53:04
Game Start Time,2024-05-01 13:53:16
Game Start Time,2024-05-01 13:54:07
Game Start Time,2024-05-01 13:55:17
Game Start Time,2024-05-01 13:56:45
Game Start Time,2024-05-01 13:57:02
Game Start Time,2024-05-01 13:57:48
Game Start Time,2024-05-01 13:59:07
Game Start Time,2024-05-01 13:59:50
Game Start Time,2024-05-01 14:00:04
Game Start Time,2024-05-01 14:00:17
Game Start Time,2024-05-01 14:01:01
Game Start Time,2024-05-01 14:01:58
Game Start Time,2024-05-01 14:02:14
Game Start Time,2024-05-01 14:02:34
Game Start Time,2024-05-01 14:02:57
Game Start Time,2024-05-01 14:03:04
Game Start Time,2024-05-01 14:03:06
Game Start Time,2024-05-01 14:05:02
Game Start Time,2024-05-01 14:05:52
Game Start Time,2024-05-01 14:06:07
Game Start Time,2024-05-01 14:06:40
Game Start Time,2024-05-01 14:07:06
Game Start Time,2024-05-01 14:07:18
Game Start Time,2024-05-01 14:08:27
Game Start Time,2024-05-01 14:09:00
Game Start Time,2024-05-01 14:09:08
Game Start Time,2024-05-01 14:09:15
Game Start Time,2024-05-01 14:10:32
Game Start Time,2024-05-01 14:10:52
Game Start Time,2024-05-01 14:11:16
Game Start Time,2024-05-01 14:11:28
Game Start Time,2024-05-01 14:11:57
Game Start Time,2024-05-01 14:17:16
Game Start Time,2024-05-01 14:18:59
Game Start Time,2024-05-01 14:19:48
Game Start Time,2024-05-01 14:20:17
